{
    "NEW_START": [-0.4659803951625483, 0.02256670961442564, 0.5313637831555951],
    "NEW_END": [0.20912845510977293, -0.0748577465657361, 0.2949372355804418],
    "WAY_POINTS": [[25.21, -43.66, 73.90, -58.15, -47.74, 101.66],
                    [25.22, -47.52, 73.85, -55.27, -45.94, 101.67],
                    [25.22, -49.93, 73.85, -55.27, -46.00, 101.66],
                    [25.25, -52.78, 73.85, -55.27, -45.64, 101.66],
                    [25.41, -55.17, 73.82, -55.28, -45.12, 101.66],
                    [25.57, -55.87, 73.83, -55.28, -45.12, 101.66],
                    [25.74, -56.54, 73.89, -55.35, -45.15, 101.67],
                    [40.91, -65.00, 73.98, -81.02, -81.46, 131.77],
                    [42.45, -65.51, 74.22, -79.32, -81.47, 131.77],
                    [45.50, -66.00, 74.50, -76.08, -81.79, 131.78],
                    [48.78, -66.18, 74.95, -72.92, -81.75, 131.77],
                    [51.95, -65.97, 75.25, -71.32, -83.14, 134.07],
                    [53.98, -66.21, 75.24, -70.31, -83.14, 134.07],
                    [56.19, -65.91, 75.25, -71.25, -87.25, 176.16],
                    [57.79, -66.40, 75.24, -72.34, -86.87, 192.19],
                    [58.45, -66.21, 75.26, -72.84, -80.90, 191.02],
                    [60.90, -66.22, 75.25, -74.71, -80.89, 191.02],
                    [63.46, -66.21, 75.26, -75.09, -82.62, 162.08],
                    [69.08, -66.88, 75.27, -76.65, -89.84, 147.65],
                    [71.35, -66.85, 75.66, -75.04, -90.91, 135.89],
                    [73.27, -66.89, 75.65, -71.31, -90.65, 124.90],
                    [74.52, -66.70, 75.95, -68.21, -90.65, 133.64],
                    [75.77, -66.70, 75.96, -66.96, -90.65, 133.64],
                    [77.49, -67.33, 76.11, -66.38, -89.09, 160.85],
                    [79.72, -66.42, 76.10, -66.39, -88.60, 160.85],
                    [83.94, -66.69, 76.08, -67.16, -88.45, 165.22],
                    [86.11, -66.68, 76.08, -67.23, -88.46, 173.27],
                    [95.39, -65.34, 76.05, -69.66, -104.72, 192.25],
                    [113.68, -58.96, 85.28, -60.05, -148.95, 232.21],
                    [113.95, -56.93, 85.28, -59.70, -148.95, 236.15],
                    [113.95, -54.75, 85.28, -59.71, -149.51, 241.05],
                    [113.75, -51.83, 85.28, -59.71, -149.09, 241.08],
                    [113.82, -49.64, 85.28, -59.71, -149.11, 241.08],
                    [113.85, -48.17, 85.28, -60.26, -149.11, 248.27],
                    [113.85, -46.01, 85.27, -60.12, -149.50, 248.27],
                    [114.78, -42.18, 85.27, -60.16, -152.08, 248.27]]
}
